{"Solenoid": 40000, "PX": 1877.767374356187, "D1": 6711.859935406032, "D2": 11708.69752116739, "D3": 10882.156709063713, "Dp": -3926.2805494308964, "D5": 2023.3381564424772, "D6": -4892.789965425161, "D7": -1480.814942317233, "P4": 468.8851792552482, "P5": -4059.571785015456, "P6": 0.1}